sign_in_count;is_spam;personal_url;about;avatar;extended_data;followers_count;following_count;invitations_count;failed_attempts;admin
1;0;;;;{};0;0;0;0;0
1;0;;;;{};0;0;0;0;0
1;0;;;;{};0;0;0;0;0
1;0;;;;{};0;0;0;0;0
1;0;;;;{};0;0;0;0;0
4;0;;;images.jpg;{};0;0;0;0;0
2;0;;;KroStudio_New_LOGO_Artboard_3.jpg;{};0;0;0;0;0
1;0;;;hbo-max.PNG;{};0;0;0;0;0
1;0;;;;{};0;0;0;0;0
3;0;;;PIC_2.png;{};0;0;0;0;0
1;0;;;;"{""interested_scopes"": [37, 38, 39]}";0;0;0;0;0
1;0;;;;{};0;0;0;0;0
3;0;;;;{};0;0;0;0;0
1;0;;;;{};0;0;0;0;0
1;0;;;827b3bfcc8bc92d96e208a25592186b1.jpg;{};0;0;0;0;0
1;0;;;Norton-logo.jpg;{};0;0;0;0;0
1;0;;;;{};0;0;0;0;0
4;0;;;profile-creation.jpg;{};0;0;0;0;0
355;0;;;;{};0;11;0;0;1
2;0;;;;{};0;0;0;0;0
1;0;;;Monica.jpg;{};0;0;0;0;0
0;0;;;;{};0;0;0;0;0
1;0;;;;{};0;0;0;0;0
1;0;;;Jack_Oscar.jpg;{};0;0;0;0;0
1;0;;;logo.png;{};0;0;0;0;0
0;0;;;;{};0;0;0;0;0
1;0;;;;{};0;0;0;0;0
0;0;;;;{};0;0;0;0;0
2;0;;;1.jpg;{};0;0;0;0;0
1;0;;;;{};0;0;0;0;0
1;0;;;GLASS_AND_MIRROR_FINAL-02.png;{};0;0;0;0;0
187;0;;;Logo_département_png.png;{};0;50;0;0;0
1;0;;;;{};0;0;0;1;0
2;0;;;animation_profile.jpg;"{""interested_scopes"": [34, 36, 37, 38, 39, 40, 35]}";0;0;0;0;0
2;0;;;apkbeasts__2_.jpg;{};0;0;0;0;0
2;0;;;;{};0;0;0;1;0
5;0;;;Al-Quran_LOGO.png;"{""interested_scopes"": [34, 36, 37, 38, 39, 40, 35]}";0;14;0;0;0
1;0;;;download.jpg;{};0;0;0;0;0
1;0;;;;{};0;0;0;0;0
3;0;;;OMW.png;{};0;0;0;0;0
5;0;;;;"{""interested_scopes"": [34, 36]}";0;4;0;0;0
1;0;;;Agra_Escort_Service__8_.jpg;{};0;0;0;0;0
1;0;;;new_2.JPG;{};0;0;0;0;0
1;0;;;;{};0;0;0;0;0
1;0;;;photo-1599842057874-37393e9342df.jpg;{};0;0;0;0;0
1;0;;;;{};0;0;0;0;0
2;0;;;;{};0;0;0;0;0
3;0;;;logo-allgenericpills.png;{};0;0;0;0;0
20;0;;;;{};0;0;0;0;0
5;0;;;;{};0;1;0;0;0
2;0;;;Profile_Logo.jpg;{};0;0;0;0;0
1;0;;;;{};0;0;0;0;0
1;0;;;01-6.jpg;{};0;0;0;0;0
1;0;;;;{};0;0;0;0;0
3;0;;;;{};0;0;0;0;0
0;0;;;;{};0;1;0;0;0
1;0;;;;{};0;0;0;0;0
1;0;;;WhatsApp_Image_2021-10-20_at_2.04.29_PM.jpeg;"{""interested_scopes"": [38, 40, 35]}";0;0;0;0;0
1;1;https://www.mypestcontrol.in/;My Pest Control is one of the leading pest control company providing commercial and residential pest removal treatment for cockroaches, bed bugs, rodent, rats, mosquitoes etc. ;PEST-LOGO-2.jpg;{};0;0;0;4;0
1;0;;;50523417_2319130291484775_4962139621610749952_n.jpg;"{""interested_scopes"": [35]}";0;0;0;0;0
1;0;;;66468293_2202203813162188_6371399905612660736_n.png;{};0;0;0;0;0
1;0;;;;{};0;0;0;0;0
1;0;;;PROFILE.jpg;{};0;0;0;0;0
4;0;;;;{};0;0;0;0;0
11;1;;Le groupe local des Shifters Nantais;SHIFTERS-TSP-L500PX-BLANC.png;{};0;4;0;0;0
1;0;;;;{};0;0;0;0;0
4;0;;;;{};0;2;0;0;0
1;0;;;Leolist_Ottawa.jpg;{};0;0;0;0;0
1;0;;;;{};0;0;0;0;0
2;0;;;profile_pic_2.jpg;{};0;0;0;0;0
1;0;;;;{};0;0;0;0;0
1;0;;;;{};0;0;0;0;0
1;0;;;hot_escorts_lahore.jpeg;{};0;0;0;0;0
2;0;;;p-logo-400.jpg;{};0;0;0;0;0
1;0;;;;{};0;0;0;0;0
1;0;;;;{};0;3;0;0;0
0;0;;;;{};0;12;0;0;0
3;0;;;Bangalore_Escort.jpg;{};0;0;0;0;0
1;0;;;;{};0;0;0;0;0
1;0;;;;{};0;0;0;0;0
1;0;;;Eric.jpg;{};0;0;0;0;0
1;0;;;;{};0;0;0;0;0
1;0;;;3.jpg;{};0;0;0;0;0
1;0;;;;{};0;0;0;0;0
1;0;;;Ajmer_call_Girl.jpg;{};0;0;0;0;0
2;0;;;a1call-girls.jpg;{};0;0;0;1;0
1;0;;;;{};0;0;0;0;0
1;0;;;;{};0;0;0;0;0
1;0;;;logo_profiledp.jpg;{};0;0;0;0;0
22;0;;;;{};0;11;0;0;1
2;0;;;;"{""interested_scopes"": [40]}";0;0;0;0;0
1;0;;;hoc-lai-xe-tai-truong-Tien-Thanh-TpHCM__2_.jpg;{};0;0;0;0;0
1;0;;;;{};0;0;0;0;0
2;0;;;logo_as.png;{};0;0;0;0;0
1;0;;;;{};0;1;0;0;0
2;0;;;3.jpeg;{};0;0;0;0;0
1;0;;;home-massage-1-1.jpg;{};0;0;0;0;0
0;0;;;;{};0;3;0;0;0
1;0;;;;{};0;0;0;0;0
1;0;;;;"{""interested_scopes"": []}";0;0;0;0;0
